pf_Noisy,R_Noisy,Tf_Noisy,steam_factor_Noisy,Flow_Feed_Noisy,Flow_Top_Noisy,Flow_Bottom_Noisy,T_Feed_Noisy,T_Bottom_Noisy,T_Top_Noisy,X_Feed_Noisy,X_Bottom_Noisy,X_Top_Noisy,Number_of_Trays,X_Feed_pred,X_Bottom_pred,X_Top_pred,X_0_pred,X_1_pred,X_2_pred,X_3_pred,X_4_pred,X_5_pred,X_6_pred,X_7_pred,X_8_pred,X_9_pred,Flow_Feed_pred,Flow_Top_pred,Flow_Bottom_pred,R_pred,pf_pred,steam_factor_pred,Tf_pred,T_Bottom_pred,T_Top_pred,T_0_pred,T_1_pred,T_2_pred,T_3_pred,T_4_pred,T_5_pred,T_6_pred,T_7_pred,T_8_pred,T_9_pred,Flow_profile1,Flow_profile2,Flow_profile3,T_profile1,T_profile2,T_profile3,X_profile1,X_profile2,X_profile3,Fault_Class,Fault_Location
82.6018395086076,1.9398524144843,80.1108781624709,1.10400965284722,1.13872096783684,0.738563064451127,0.316172659010784,79.3344508856899,93.7923562027492,73.9367065041328,0.262450030067745,0.0032588251582765,0.692550349594653,13,0.5273739210646325,0.004877164019993,0.6755727758449372,0.1096552438178299,0.0423533569147393,0.0123846362260185,0.2906660568774112,0.399657561970495,0.4810517766987788,0.5328144114509887,0.5929648413550865,0.6182889335947799,0.6417233827317098,0.9626672331769088,0.6313120170919428,0.3273582015719625,1.8994089074167124,81.08719381013645,1.068848760936147,84.10339158359791,94.2288866473932,73.74668816292049,87.41547851202995,91.95867818632804,93.5582810483905,76.85127379139561,75.18253848376654,74.60385949462486,74.37826852923081,74.18686093717488,74.01135683513142,73.87326675664835,0.331355216084966,0.6353090316049463,0.3039538155199803,20.482198484472704,10.125495063795285,10.35670342067742,0.6706956118249442,0.1481988547803047,0.5224967570446395,Low Reflux,None
