pf_Noisy,R_Noisy,Tf_Noisy,steam_factor_Noisy,Flow_Feed_Noisy,Flow_Top_Noisy,Flow_Bottom_Noisy,T_Feed_Noisy,T_Bottom_Noisy,T_Top_Noisy,X_Feed_Noisy,X_Bottom_Noisy,X_Top_Noisy,Number_of_Trays
82.6018395086076,1.9398524144843,80.1108781624709,1.10400965284722,1.13872096783684,0.738563064451127,0.316172659010784,79.3344508856899,93.7923562027492,73.9367065041328,0.262450030067745,0.0032588251582765,0.692550349594653,13
